actividad_fisica,prev_cancer
Alta,0.12300796812749004
Moderada,0.171860625574977
Baja,0.2401524214630688
