tipo_seguro,prev_cancer
Publico,0.13826229274887925
Mixto,0.19533762057877813
Privado,0.31935024700661474
