nivel_ingresos,prev_cancer
Bajo,0.19087195379630933
Alto,0.19321862348178137
Muy bajo,0.19330543933054392
Medio,0.19400441146982153
