zona,prev_cancer
Urbana,0.19202422650321074
Semiurbana,0.1934540279864021
Rural,0.19448913917940466
