estado_civil,prev_cancer
Divorciado,0.1876313025210084
Casado,0.19265326591165532
Soltero,0.19287093659478596
Viudo,0.20039814200398143
