nivel_educativo,prev_cancer
Primaria,0.1897757990141517
Secundaria,0.19336711655210476
Universitario,0.19341032060082372
Sin estudios,0.19729888432178508
