{
  "0": 0.6194827319188477,
  "1": 2.592352559948153
}